항목ID,구분,이름,규격,단위,계수,근거,비고
BU1-01,폐기물,폐아스콘,단위중량 2.35t/㎥,ton,2.35,원천 수량 × 2.35 t,
BU1-04,폐기물,폐콘크리트(무근·포장·보도블록),단위중량 2.3t/㎥,ton,2.3,원천 수량 × 2.3 t,
BU1-05,폐기물,폐콘크리트(철근·구조물),단위중량 2.4t/㎥,ton,2.4,원천 수량 × 2.4 t,
BU1-06,폐기물,폐건축물(철근콘크리트조),1.3t/㎡(가정),ton,1.3,원천 수량 × 1.3 t,발생원단위 가정값 — 확인
BU1-07,폐기물,폐건축물(조적조),1.0t/㎡(가정),ton,1,원천 수량 × 1 t,발생원단위 가정값 — 확인
BU1-08,폐기물,폐목재·혼합(목조),0.6t/㎡(가정),ton,0.6,원천 수량 × 0.6 t,발생원단위 가정값 — 확인
BU2-01,자재,아스콘,표층(#78),TON,0.1175,㎡×0.05m×2.35t/㎥,
BU2-02,자재,아스콘,기층(#467),TON,0.235,㎡×0.10m×2.35t/㎥,
BU2-03,자재,아스팔트,RSC-4(텍코팅),D/M,0.002,0.4ℓ/㎡÷200ℓ,
BU2-04,자재,아스팔트,RSC-3(프라임),D/M,0.005,1.0ℓ/㎡÷200ℓ,
BU2-05,자재,보조기층재,혼합골재,㎥,1,다짐→자연 환산 입력,
BU2-07,자재,레미콘,"무근,25-21-8(포장)",㎥,0.2,㎡×t0.20m,
BU2-08,자재,보도블록,t=6cm,㎡,1,,
BU3-01,자재,사석,30kg이상,㎥,1,,
BU3-02,자재,필터매트(부직포),3t/m (400g/㎡),㎡,1,,
BU3-03,자재,호안블럭,1000×1000×200,㎡,1,,
BU3-04,자재,레미콘,"무근,25-18-8",㎥,1,호안 기초,
BU3-05,자재,평떼,,㎡,1,,
BU4-01,자재,사각집수정,600×600×600×150,EA,1,,
BU4-02,자재,집수정 뚜껑,600×600,EA,1,,
BU4-04,자재,PE 다중벽관,Φ150mm,본,0.166667,m÷6.0m/본,
BU5-01,자재,보차도 경계석,"200×250×1,000",EA,1,m÷1.0m/EA,
BU7-01,자재,주철관(KP메커니컬),Φ800~1000mm,본,0.166667,m÷6.0m/본,
BU7-04,자재,FRP 자동문비(원형),D800~1000,조,1,,
