틀ID,순번,명칭,품명,규격,식,단위,끝수,보낼곳
T1.1.1,1,깨기 면적,아스팔트포장 깨기 면적,,A,㎡,,없음
T1.1.1,2,아스팔트포장깨기,아스팔트포장깨기,대형브레이커+0.7㎥,V,㎥,,수량
T1.1.1,3,포장절단,아스팔트 포장절단,,L,m,,수량
T1.1.1,4,폐아스콘,폐아스콘,단위중량 2.35t/㎥,[2]*2.35,ton,,폐기물
T1.1.2,1,깨기 면적,콘크리트포장 깨기 면적,,A,㎡,,없음
T1.1.2,2,콘크리트포장깨기,무근콘크리트깨기,T=30cm미만(양호),V,㎥,,수량
T1.1.2,3,포장절단,콘크리트 포장절단,,L,m,,수량
T1.1.2,4,폐콘크리트,폐콘크리트(무근·포장·보도블록),단위중량 2.3t/㎥,[2]*2.3,ton,,폐기물
T1.1.3,1,보도블록 철거,보도용 블록 장비사용 철거,A-Type,A,㎡,,수량
T1.1.3,2,철거 체적,보도블록 철거 체적,,V,㎥,,없음
T1.1.3,3,폐콘크리트,폐콘크리트(무근·포장·보도블록),단위중량 2.3t/㎥,[2]*2.3,ton,,폐기물
T1.2.1,1,담장 연장,담장 연장,,L,m,,없음
T1.2.1,2,담장깨기,무근콘크리트깨기,T=30cm미만(양호),V,㎥,,수량
T1.2.1,3,폐콘크리트,폐콘크리트(무근·포장·보도블록),단위중량 2.3t/㎥,[2]*2.3,ton,,폐기물
T1.2.2,1,구조물 연장,철근콘크리트 구조물 연장,,L,m,,없음
T1.2.2,2,구조물깨기,기존 구조물 철거,철거계획평면도,V,㎥,,수량
T1.2.2,3,폐콘크리트,폐콘크리트(철근·구조물),단위중량 2.4t/㎥,[2]*2.4,ton,,폐기물
T1.2.3,1,기초깨기,무근콘크리트깨기,T=30cm미만(양호),V,㎥,,수량
T1.2.3,2,폐콘크리트,폐콘크리트(무근·포장·보도블록),단위중량 2.3t/㎥,[1]*2.3,ton,,폐기물
T1.2.4,1,가드레일 철거,가드레일 철거,,L,m,,수량
T1.2.4,2,표준레일,표준레일 철거,,L/4,경간,,없음
T1.2.4,3,레일포스트,레일포스트 철거,,L/4+N,EA,,없음
T1.2.4,4,고재 발생량,가드레일 고재 발생량,,[2]*0.02761728125+[3]*0.01793,ton,,없음
T1.2.4,5,고재처리(80%),금속류(고재),가드레일 철거,[4]*0.8,ton,,폐기물
T1.3.1,1,건축물 철거,건축물 철거(철근콘크리트조),연면적 기준,A,㎡,,수량
T1.3.1,2,폐콘크리트,폐콘크리트,건축물 철거 콘크리트류,A*1.488,ton,,폐기물
T1.3.1,3,금속류(고재),금속류(고재),건축물 철거 금속·철재류,A*0.073,ton,,폐기물
T1.3.1,4,혼합폐기물,혼합폐기물,건축물 철거,A*0.135,ton,,폐기물
T1.3.1,5,폐콘크리트 체적,폐콘크리트 운반 체적,,[2]/1.6,㎥,,없음
T1.3.1,6,금속류 체적,금속류 운반 체적,,[3]/2,㎥,,없음
T1.3.1,7,혼합폐기물 체적,혼합폐기물 운반 체적,,[4]/1.05,㎥,,없음
T1.3.2,1,건축물 철거,건축물 철거(조적조: 벽돌·블록),연면적 기준,A,㎡,,수량
T1.3.2,2,폐콘크리트,폐콘크리트,건축물 철거 콘크리트류,A*1.6638,ton,내림2,폐기물
T1.3.2,3,금속류(고재),금속류(고재),건축물 철거 금속·철재류,A*0.0019,ton,내림2,폐기물
T1.3.2,4,혼합폐기물,혼합폐기물,건축물 철거,A*0.0663,ton,내림2,폐기물
T1.3.2,5,폐콘크리트 체적,폐콘크리트 운반 체적,,[2]/2.3,㎥,,없음
T1.3.2,6,금속류 체적,금속류 운반 체적,,[3]/7.85,㎥,,없음
T1.3.2,7,혼합폐기물 체적,혼합폐기물 운반 체적,,[4]/1.9,㎥,,없음
T1.3.3,1,건축물 철거,건축물 철거(목조),연면적 기준,A,㎡,,수량
T1.3.3,2,폐콘크리트,폐콘크리트,건축물 철거 콘크리트류,A*0.7877,ton,내림2,폐기물
T1.3.3,3,금속류(고재),금속류(고재),건축물 철거 금속·철재류,A*0.0056,ton,내림2,폐기물
T1.3.3,4,혼합폐기물,혼합폐기물,건축물 철거,A*0.0598,ton,내림2,폐기물
T1.3.3,5,폐콘크리트 체적,폐콘크리트 운반 체적,,[2]/2.3,㎥,,없음
T1.3.3,6,금속류 체적,금속류 운반 체적,,[3]/7.85,㎥,,없음
T1.3.3,7,혼합폐기물 체적,혼합폐기물 운반 체적,,[4]/1.9,㎥,,없음
T1.3.4,1,건축물 철거,건축물 철거(조립식·컨테이너),연면적 기준,A,㎡,,수량
T1.3.4,2,폐콘크리트,폐콘크리트,건축물 철거 콘크리트류,A*0.363,ton,내림2,폐기물
T1.3.4,3,금속류(고재),금속류(고재),건축물 철거 금속·철재류,A*0.0158,ton,내림2,폐기물
T1.3.4,4,혼합폐기물,혼합폐기물,건축물 철거,A*0.0688,ton,내림2,폐기물
T1.3.4,5,폐콘크리트 체적,폐콘크리트 운반 체적,,[2]/2.3,㎥,,없음
T1.3.4,6,금속류 체적,금속류 운반 체적,,[3]/7.85,㎥,,없음
T1.3.4,7,혼합폐기물 체적,혼합폐기물 운반 체적,,[4]/1.9,㎥,,없음
T1.4.1,1,폐기물상차,폐기물상차,로우더 1.72㎥,V,㎥,,수량
T1.4.1,2,무근 폐콘크리트,무근 폐콘크리트,,C*2.3,ton,반올림0,없음
T1.4.1,3,철근 폐콘크리트,철근 폐콘크리트,,R*2.4,ton,반올림0,없음
T1.4.1,4,폐콘크리트 운반,폐기물 운반,폐콘크리트,[2]+[3],ton,반올림0,수량
T1.4.1,5,폐아스콘 운반,폐기물 운반,폐아스콘,S*2.35,ton,반올림0,수량
T1.4.2,1,석면 해체,석면 조사 및 해체(해당 시),,1,식,,수량
T1.4.2,2,운반(최종처리),지정폐기물운반비,최종처리,F,ton,,수량
T1.4.2,3,운반(고형화),지정폐기물운반비,고형화처리,S,ton,,수량
T1.4.2,4,폐석면(최종처리),폐석면처리비,최종처리,F,ton,,폐기물
T1.4.2,5,폐석면(고형화),폐석면처리비,고형화처리,S,ton,,폐기물
T1.9.1,1,(품명 입력),(품명 입력),,Q,식,,수량
T2.1.1,1,표층,아스콘포장/표층 및 중간층/소규모포설,1층 포설두께 7.5cm이하,A,㎡,반올림2,수량
T2.1.1,2,택코팅(RSC-4),텍코팅,인력식(수동식살포기)/1회,[1],㎡,반올림2,수량
T2.1.1,3,기층,아스콘포장/기층/기계포설(소형장비),1층 포설두께 8~10cm,A,㎡,반올림2,수량
T2.1.1,4,프라임코팅(RSC-3),프라임코팅,인력식(수동식살포기)/1회,[3],㎡,반올림2,수량
T2.1.1,5,보조기층 T=20cm,보조기층 포설 및 다짐,소규모 포설,A*0.2*1,㎥,,수량
T2.1.1,6,보조기층 운반,"보조기층운반(혼합골재,공장상차)",덤프24톤,[5],㎥,,수량
T2.1.1,7,아스콘(#78),아스콘,표층(#78),[1]*2.35*0.05,TON,반올림3,자재
T2.1.1,8,아스콘(#467),아스콘,기층(#467),[3]*2.35*0.1,TON,반올림3,자재
T2.1.1,9,아스팔트(RSC-4),아스팔트,RSC-4(텍코팅),[2]/100*30/200,D/M,올림0,자재
T2.1.1,10,아스팔트(RSC-3),아스팔트,RSC-3(프라임),[4]/100*75/200,D/M,올림0,자재
T2.1.1,11,보조기층재,보조기층재,혼합골재,[5],㎥,,자재
T2.1.2,1,표층(WC-2),아스콘 표층,"WC-2, T=5cm",A,㎡,,수량
T2.1.2,2,텍코팅(RSC-4),텍코팅,RSC-4,A,㎡,,수량
T2.1.2,3,기층(BB-2) 2층,아스콘 기층,"BB-2, T=15cm(2층)",A*2,㎡,,수량
T2.1.2,4,프라임코팅(RSC-3),프라임코팅,RSC-3,A*2,㎡,,수량
T2.1.2,5,보조기층 T=18cm,보조기층 포설 및 다짐,T=18cm,A*0.18,㎥,,수량
T2.1.2,6,보조기층 구입운반,"보조기층운반(혼합골재,공장상차)",덤프24톤,[5]*1.175/0.95*1.04,㎥,올림0,수량
T2.1.2,7,아스콘(WC-2),아스콘,표층(WC-2),A*0.05*1.02*2.34,TON,올림0,자재
T2.1.2,8,아스콘(BB-2),아스콘,기층(BB-2),A*0.15*1.02*2.32,TON,올림0,자재
T2.1.2,9,아스팔트(RSC-4),아스팔트,RSC-4(텍코팅),[2]/100*30*1.03/200,D/M,올림0,자재
T2.1.2,10,아스팔트(RSC-3),아스팔트,RSC-3(프라임),[4]/100*100*1.03/200,D/M,올림0,자재
T2.1.2,11,보조기층재,보조기층재,혼합골재,[6],㎥,,자재
T2.2.1,1,콘크리트 포장,콘크리트포장(인력포설),"A-Type, t=20cm",A,㎡,,수량
T2.2.1,2,콘크리트 T=20cm,콘크리트,T=20cm,A*0.2,㎥,,없음
T2.2.1,3,보조기층 T=20cm,보조기층 포설 및 다짐,소규모 포설,A*0.2*1,㎥,,수량
T2.2.1,4,보조기층 운반,"보조기층운반(혼합골재,공장상차)",덤프24톤,[3],㎥,,수량
T2.2.1,5,순환골재(40%),순환골재,40%적용,A*0.2*0.4,㎥,,없음
T2.2.1,6,와이어메쉬,와이어메쉬,"#6,150x150",A,㎡,,자재
T2.2.1,7,줄눈,콘크리트포장 줄눈,,J,m,,수량
T2.2.1,8,거푸집,거푸집,"유로폼, 간단",L*0.2,㎡,,수량
T2.2.1,9,레미콘,레미콘,"무근,25-21-8(포장)",A*0.2,㎥,반올림3,자재
T2.2.1,10,보조기층재,보조기층재,혼합골재,[3],㎥,,자재
T2.2.2,1,콘크리트 포장,콘크리트포장(인력포설),"A-Type, t=15cm",A,㎡,,수량
T2.2.2,2,콘크리트 T=15cm,콘크리트,T=15cm,A*0.15,㎥,,없음
T2.2.2,3,보조기층(60%),보조기층,혼합골재 60%,A*0.2*0.6,㎥,,없음
T2.2.2,4,순환골재(40%),순환골재,보조기층용 40%,A*0.2*0.4,㎥,,자재
T2.2.2,5,보조기층 T=20cm,보조기층 포설 및 다짐,소규모 포설,[3]+[4],㎥,,수량
T2.2.2,6,보조기층 운반,"보조기층운반(혼합골재,공장상차)",덤프24톤,[5],㎥,,수량
T2.2.2,7,보조기층재,보조기층재,혼합골재,[3],㎥,,자재
T2.2.2,8,와이어메쉬,와이어메쉬,"#8,150x150",A,㎡,,자재
T2.2.2,9,비닐깔기,비닐깔기,,A,㎡,,수량
T2.2.2,10,줄눈,콘크리트포장 줄눈,,J,m,,수량
T2.2.2,11,거푸집,거푸집,합판6회,L*0.15,㎡,,수량
T2.2.2,12,레미콘,레미콘,"무근,25-21-8(포장)",A*0.15,㎥,반올림3,자재
T2.2.3,1,콘크리트 포장,콘크리트포장(인력포설),"A-Type, t=20cm",A,㎡,,수량
T2.2.3,2,레미콘,레미콘,"무근,25-21-8(포장)",A*0.2,㎥,반올림3,자재
T2.2.3,3,보조기층 T=20cm,보조기층 포설 및 다짐,소규모 포설,A*0.2,㎥,,수량
T2.2.3,4,보조기층재(할증),보조기층재,혼합골재,[3]*1.175/0.95*1.04,㎥,반올림2,자재
T2.2.3,5,콘크리트 양생,콘크리트 양생,,A,㎡,,수량
T2.2.3,6,거푸집,거푸집,"유로폼, 간단",L*0.2,㎡,,수량
T2.2.3,7,줄눈,콘크리트포장 줄눈,판재(200×15),J,m,,수량
T2.2.3,8,와이어메쉬,와이어메쉬,"#6,100x100",A,㎡,,자재
T2.2.4,1,콘크리트 포장,콘크리트포장(인력포설),"A-Type, t=20cm",A,㎡,,수량
T2.2.4,2,레미콘,레미콘,"무근,25-21-8(포장)",A*0.2,㎥,반올림3,자재
T2.2.4,3,와이어메쉬,와이어메쉬,"#6,100x100",A,㎡,,자재
T2.2.4,4,비닐깔기,비닐깔기,T=0.10mm,A,㎡,,수량
T2.2.4,5,비닐양생,비닐양생,T=0.05mm,A,㎡,,수량
T2.2.4,6,보조기층 T=20cm,보조기층 포설 및 다짐,소규모 포설,A*0.2,㎥,,수량
T2.2.4,7,보조기층 구입운반,"보조기층운반(혼합골재,공장상차)",덤프24톤,[6]*1.175/0.95*1.04,㎥,올림0,수량
T2.2.4,8,보조기층재,보조기층재,혼합골재,[7],㎥,,자재
T2.2.4,9,수축줄눈,수축줄눈,포장절단,J,m,,수량
T2.2.4,10,거푸집,거푸집,합판6회,L*0.2,㎡,,수량
T2.2.5,1,투수콘 포장,투수콘포장,T=7cm,A,㎡,,수량
T2.2.5,2,투수콘 T=7cm,투수콘,T=7cm,A*0.07,㎥,,없음
T2.2.5,3,투수콘(자재),투수콘,"적색, T=7cm",[2],㎥,반올림2,자재
T2.2.5,4,보조기층 T=10cm,보조기층 포설 및 다짐,소규모 포설,A*0.1,㎥,,수량
T2.2.5,5,보조기층재,보조기층재,혼합골재,[4],㎥,,자재
T2.2.5,6,모래부설 T=5cm,모래부설,T=5cm,A*0.05,㎥,반올림2,수량
T2.2.5,7,모래,모래,T=5cm,[6],㎥,,자재
T2.3.1,1,보도블록 포장,보도용 블록포장(복구),t=6cm,A,㎡,,수량
T2.3.1,2,보도블록(자재),보도블록,t=6cm,A,㎡,,자재
T2.3.1,3,방초시트,방초시트,,A,㎡,,수량
T2.3.1,4,모래 T=4cm,모래,T=4cm,A*0.04,㎥,,자재
T2.3.1,5,보조기층 T=10cm,보조기층 포설 및 다짐,소규모 포설,A*0.1,㎥,,수량
T2.3.1,6,보조기층 구입운반,"보조기층운반(혼합골재,공장상차)",덤프24톤,[5]*1.175/0.95*1.04,㎥,올림0,수량
T2.3.1,7,보조기층재,보조기층재,혼합골재,[6],㎥,,자재
T2.3.2,1,점형블록,점형블록,300x300x60,P,㎡,,수량
T2.3.2,2,점형블록 매수,점형블록,300x300x60,P/0.09,EA,올림0,자재
T2.3.2,3,선형블록,선형블록,300x300x60,Q,㎡,,수량
T2.3.2,4,선형블록 매수,선형블록,300x300x60,Q/0.09,EA,올림0,자재
T2.3.2,5,방초시트,방초시트,,A,㎡,,수량
T2.3.2,6,모래 T=4cm,모래,T=4cm,A*0.04,㎥,,자재
T2.3.2,7,보조기층 T=10cm,보조기층 포설 및 다짐,소규모 포설,A*0.1,㎥,,수량
T2.3.2,8,보조기층 구입운반,"보조기층운반(혼합골재,공장상차)",덤프24톤,[7]*1.175/0.95*1.04,㎥,올림0,수량
T2.3.2,9,보조기층재,보조기층재,혼합골재,[8],㎥,,자재
T2.3.3,1,차도블록 포장,차도용 블록포장,"투수, T=8cm",A,㎡,,수량
T2.3.3,2,차도블록(자재),차도블록,"투수, T=8cm",A,㎡,,자재
T2.3.3,3,방초시트,방초시트,,A,㎡,,수량
T2.3.3,4,모래 T=2cm,모래,T=2cm,A*0.02,㎥,,자재
T2.3.3,5,보조기층 T=15cm,보조기층 포설 및 다짐,소규모 포설,A*0.15,㎥,,수량
T2.3.3,6,보조기층 구입운반,"보조기층운반(혼합골재,공장상차)",덤프24톤,[5]*1.175/0.95*1.04,㎥,올림0,수량
T2.3.3,7,보조기층재,보조기층재,혼합골재,[6],㎥,,자재
T2.9.1,1,(품명 입력),(품명 입력),,Q,식,,수량
T3.1.1,1,사석부설,사석부설,30kg이상,V,㎥,반올림2,수량
T3.1.1,2,사석,사석,30kg이상,[1],㎥,,자재
T3.1.2,1,필터매트부설,필터매트부설,수상,A,㎡,반올림2,수량
T3.1.2,2,필터매트,필터매트(부직포),3t/m (400g/㎡),[1],㎡,,자재
T3.2.1,1,평균 사면길이,,,A/L,m,,없음
T3.2.1,2,호안블럭 설치,호안블럭 설치(제방 절개부 복구),1000×1000×200,A,㎡,내림2,수량
T3.2.1,3,호안블럭,호안블럭,1000×1000×200,[2],㎡,,자재
T3.2.1,4,기초·천단 콘크리트,콘크리트 타설(호안기초),"무근, 25-18-8",L*0.319,㎥,내림2,수량
T3.2.1,5,레미콘,레미콘,"무근,25-18-8",[4],㎥,,자재
T3.2.1,6,거푸집,거푸집,"유로폼, 간단",L*1,㎡,내림2,수량
T3.2.1,7,부직포 m당,,,[1]+0.385,㎡,반올림3,없음
T3.2.1,8,부직포,부직포,250g/㎡,[7]*L,㎡,내림2,자재
T3.2.1,9,기초터파기,기초터파기,토사,L*2,㎥,내림2,수량
T3.2.1,10,되메우기,되메우기,토사,L*1.7,㎥,내림2,수량
T3.2.2,1,기초 콘크리트,콘크리트 타설(호안기초),"무근, 25-18-8",V,㎥,내림2,수량
T3.2.2,2,레미콘,레미콘,"무근,25-18-8",[1],㎥,,자재
T3.2.3,1,떼붙임,떼붙임(제방 비탈면 복구),평떼,A,㎡,내림2,수량
T3.2.3,2,평떼,평떼,,[1],㎡,,자재
T3.2.4,1,식생매트,식생매트,,A,㎡,내림2,수량
T3.9.1,1,(품명 입력),(품명 입력),,Q,식,,수량
T4.1.1,1,집수정 설치,흙쌓기부 집수정,"형식1, D600",N,개소,올림0,수량
T4.1.1,2,뚜껑 설치,집수정 뚜껑 설치,그레이팅/맨홀뚜껑 600×600,N,개,올림0,수량
T4.1.1,3,사각집수정,사각집수정,600×600×600×150,[1],EA,,자재
T4.1.1,4,집수정 뚜껑,집수정 뚜껑,600×600,[2],EA,,자재
T4.1.1,5,그레이팅 앵글,스틸그레이팅 앵글,I-BAR,[2],EA,,자재
T4.1.1,6,기초 콘크리트,콘크리트 타설(집수정기초),"무근, 25-18-8",N*1.3*1.3*0.1,㎥,반올림3,수량
T4.1.1,7,레미콘,레미콘,"무근,25-18-8",[6],㎥,,자재
T4.1.1,8,기초 거푸집,거푸집 설치,유로폼(보통),N*(1.3+1.3)*0.1*2,㎡,반올림2,수량
T4.1.2,1,집수정 설치,집수정 설치,600×600×800H,N,개소,올림0,수량
T4.1.2,2,스틸그레이팅,스틸그레이팅,700×700×50T,[1],EA,,자재
T4.1.2,3,터파기,터파기,토사,N*2.47,㎥,반올림2,수량
T4.1.2,4,되메우기,되메우기,토사,N*1.7,㎥,반올림2,수량
T4.1.2,5,잔토처리,잔토처리,토사,N*0.77,㎥,반올림2,수량
T4.1.3,1,우수받이 설치,우수받이 설치,400×900×900H,N,개소,올림0,수량
T4.1.3,2,스틸그레이팅,스틸그레이팅,500×1000×50T,[1],EA,,자재
T4.1.3,3,사각받침대,사각받침대,500×1000×50T,[1],EA,,자재
T4.1.3,4,터파기,터파기,토사,N*2.16,㎥,반올림2,수량
T4.1.3,5,되메우기,되메우기,토사,N*1.57,㎥,반올림2,수량
T4.1.3,6,잔토처리,잔토처리,토사,N*0.59,㎥,반올림2,수량
T4.2.1,1,L형측구 설치,L형측구 설치,,E,m,반올림2,수량
T4.2.1,2,보차도경계석,보차도경계석,"200×250×1,000",E*1,EA,올림0,자재
T4.2.1,3,콘크리트,콘크리트 타설,25-18-8,E*0.1325,㎥,반올림3,수량
T4.2.1,4,레미콘,레미콘,25-18-8,[3],㎥,,자재
T4.2.1,5,몰탈,몰탈,1:2,E*0.0005,㎥,반올림4,자재
T4.2.1,6,거푸집,거푸집,합판6회,E*0.38,㎡,반올림2,수량
T4.2.2,1,콘크리트 깨기,콘크리트 깨기,L형측구,E*0.1325,㎥,반올림3,수량
T4.2.2,2,폐콘크리트,폐콘크리트(무근·포장·보도블록),단위중량 2.3t/㎥,[1]*2.3,ton,반올림3,폐기물
T4.2.3,1,콘크리트,콘크리트 타설,25-18-8,L*0.18+M*0.023,㎥,반올림3,수량
T4.2.3,2,거푸집,거푸집 설치,유로폼(보통),L*2.1+M*0.5,㎡,반올림2,수량
T4.2.3,3,철근가공조립,철근가공 및 조립,H13,L*0.011+M*0.005,ton,반올림4,수량
T4.2.3,4,레미콘,레미콘,25-18-8,[1],㎥,,자재
T4.2.3,5,철근,철근,H13,[3],ton,,자재
T4.3.1,1,연결관 부설,이중벽PE관접합및부설(연결관),D=150mm,L,m,반올림2,수량
T4.3.1,2,PE관 본수,PE 다중벽관,Φ150mm,L/6,본,올림0,자재
T4.3.1,3,관천공,관천공,D150mm,N,개소,올림0,수량
T4.3.1,4,PE관 절단,PE관절단,D150mm,N,개소,올림0,수량
T4.3.1,5,터파기,터파기,토사,L*1.19,㎥,반올림2,수량
T4.3.1,6,되메우기,되메우기,토사,L*1.17,㎥,반올림2,수량
T4.3.1,7,잔토처리,잔토처리,토사,L*0.02,㎥,반올림2,수량
T4.3.1,8,모래 관기초,모래,관기초,L*0.075,㎥,반올림2,자재
T4.3.2,1,연결관 부설,이중벽PE관접합및부설(연결관),D=250mm,L,m,반올림2,수량
T4.3.2,2,PE관 본수,PE 다중벽관,Φ250mm,L/6,본,올림0,자재
T4.3.2,3,관천공,관천공,D250mm,N,개소,올림0,수량
T4.3.2,4,PE관 절단,PE관절단,D250mm,N,개소,올림0,수량
T4.3.2,5,터파기,터파기,토사,L*1.3,㎥,반올림2,수량
T4.3.2,6,되메우기,되메우기,토사,L*1.25,㎥,반올림2,수량
T4.3.2,7,잔토처리,잔토처리,토사,L*0.05,㎥,반올림2,수량
T4.3.2,8,모래 관기초,모래,관기초,L*0.085,㎥,반올림2,자재
T4.3.3,1,연결관 부설,이중벽PE관접합및부설(연결관),D=500mm,L,m,반올림2,수량
T4.3.3,2,PE관 본수,PE 다중벽관,Φ500mm,L/6,본,올림0,자재
T4.3.3,3,관천공,관천공,D500mm,N,개소,올림0,수량
T4.3.3,4,PE관 절단,PE관절단,D500mm,N,개소,올림0,수량
T4.3.3,5,관지수링,관지수링,D500mm,N*3.34,m,반올림2,자재
T4.3.3,6,접합부 몰탈,몰탈,1:3,N*0.015,㎥,반올림3,자재
T4.3.3,7,터파기,터파기,토사,L*2.74,㎥,반올림2,수량
T4.3.3,8,되메우기,되메우기,토사,L*2.54,㎥,반올림2,수량
T4.3.3,9,잔토처리,잔토처리,토사,L*0.2,㎥,반올림2,수량
T4.3.3,10,모래 관기초,모래,관기초,L*0.11,㎥,반올림2,자재
T4.9.1,1,(품명 입력),(품명 입력),,Q,식,,수량
T5.1.1,1,설치(직선),보차도 및 도로 경계블록,A-Type/직선구간,L,m,,수량
T5.1.1,2,설치(곡선),보차도 및 도로 경계블록,A-Type/곡선구간,C,m,,수량
T5.1.1,3,경계석(직선),보차도 경계석,"200×250×1,000",L,EA,,자재
T5.1.1,4,경계석(곡선),보차도 경계석,"200×250×1,000(곡선)",C,EA,,자재
T5.1.1,5,기초 레미콘,레미콘,"무근,25-21-8",T*0.13,㎥,,자재
T5.1.1,6,거푸집,거푸집,유로폼,T*0.38,㎡,,수량
T5.1.1,7,몰탈(1:2),몰탈,1:2,T*0.0005,㎥,,자재
T5.1.1,8,수축줄눈,수축줄눈,6m 간격,T/6*0.5,m,,수량
T5.1.1,9,신축이음,신축이음,스티로폴 T=10mm(20m 간격),T*0.13/20,㎡,,수량
T5.1.1,10,보조기층 포설,보조기층,포설 및 다짐,T*0.135,㎥,,수량
T5.1.1,11,보조기층재 구입,보조기층재,혼합골재,[10]*1.175/0.95*1.04,㎥,올림0,자재
T5.1.2,1,설치(직선),보차도 및 도로 경계블록,경사형/직선구간,L,m,,수량
T5.1.2,2,설치(곡선),보차도 및 도로 경계블록,경사형/곡선구간,C,m,,수량
T5.1.2,3,경계석(직선),보차도 경계석,"200×250/100×1,000",L,EA,,자재
T5.1.2,4,경계석(곡선),보차도 경계석,"200×250/100×1,000(곡선)",C,EA,,자재
T5.1.2,5,기초 레미콘,레미콘,"무근,25-21-8",T*0.13,㎥,,자재
T5.1.2,6,거푸집,거푸집,유로폼,T*0.38,㎡,,수량
T5.1.2,7,몰탈(1:2),몰탈,1:2,T*0.0005,㎥,,자재
T5.1.2,8,수축줄눈,수축줄눈,6m 간격,T/6*0.5,m,,수량
T5.1.2,9,신축이음,신축이음,스티로폴 T=10mm(20m 간격),T*0.13/20,㎡,,수량
T5.1.2,10,보조기층 포설,보조기층,포설 및 다짐,T*0.135,㎥,,수량
T5.1.2,11,보조기층재 구입,보조기층재,혼합골재,[10]*1.175/0.95*1.04,㎥,올림0,자재
T5.1.3,1,설치(직선),보차도 및 도로 경계블록,낮춤형/직선구간,L,m,,수량
T5.1.3,2,설치(곡선),보차도 및 도로 경계블록,낮춤형/곡선구간,C,m,,수량
T5.1.3,3,경계석(직선),보차도 경계석,"200×100×1,000",L,EA,,자재
T5.1.3,4,경계석(곡선),보차도 경계석,"200×100×1,000(곡선)",C,EA,,자재
T5.1.3,5,기초 레미콘,레미콘,"무근,25-21-8",T*0.13,㎥,,자재
T5.1.3,6,거푸집,거푸집,유로폼,T*0.38,㎡,,수량
T5.1.3,7,몰탈(1:2),몰탈,1:2,T*0.0002,㎥,,자재
T5.1.3,8,수축줄눈,수축줄눈,6m 간격,T/6*0.5,m,,수량
T5.1.3,9,신축이음,신축이음,스티로폴 T=10mm(20m 간격),T*0.13/20,㎡,,수량
T5.1.3,10,보조기층 포설,보조기층,포설 및 다짐,T*0.135,㎥,,수량
T5.1.3,11,보조기층재 구입,보조기층재,혼합골재,[10]*1.175/0.95*1.04,㎥,올림0,자재
T5.1.4,1,설치(직선),보차도 및 도로 경계블록,중분대/직선구간,L,m,,수량
T5.1.4,2,설치(곡선),보차도 및 도로 경계블록,중분대/곡선구간,C,m,,수량
T5.1.4,3,경계석(직선),중분대 경계석,"200×300×1,000",L,EA,,자재
T5.1.4,4,경계석(곡선),중분대 경계석,"200×300×1,000(곡선)",C,EA,,자재
T5.1.4,5,기초 레미콘,레미콘,"무근,25-21-8",T*0.05,㎥,,자재
T5.1.4,6,거푸집,거푸집,유로폼,T*0.36,㎡,,수량
T5.1.4,7,몰탈(1:2),몰탈,1:2,T*0.0006,㎥,,자재
T5.1.5,1,설치,보차도 및 도로 경계블록,도로경계석/직선구간,T,m,,수량
T5.1.5,2,경계석,도로 경계석,"150×150×1,000",T,EA,,자재
T5.1.5,3,기초 레미콘,레미콘,"무근,25-21-8",T*0.03,㎥,,자재
T5.1.5,4,거푸집,거푸집,유로폼,T*0.3,㎡,,수량
T5.1.5,5,몰탈(1:2),몰탈,1:2,T*0.000225,㎥,,자재
T5.1.6,1,설치,보차도 및 도로 경계블록,화단경계석/직선구간,T,m,,수량
T5.1.6,2,경계석,화단 경계석,"100×100×1,000",T,EA,,자재
T5.1.6,3,기초 레미콘,레미콘,"무근,25-21-8",T*0.025,㎥,,자재
T5.1.6,4,거푸집,거푸집,유로폼,T*0.3,㎡,,수량
T5.1.6,5,몰탈(1:2),몰탈,1:2,T*0.0001,㎥,,자재
T5.2.1,1,황색실선,"차선도색(융착식,일반형)-운행도로,차량부분통제","수동식,황색실선",A,㎡,,수량
T5.2.2,1,황색파선,"차선도색(융착식,일반형)-운행도로,차량부분통제","수동식,황색파선",A,㎡,,수량
T5.2.3,1,백색실선,"차선도색(융착식,일반형)-운행도로,차량부분통제","수동식,백색실선",A,㎡,,수량
T5.2.4,1,백색파선,"차선도색(융착식,일반형)-운행도로,차량부분통제","수동식,백색파선",A,㎡,,수량
T5.2.5,1,정지선 도색,"차선도색(융착식,일반형)-운행도로,차량부분통제","수동식,문자,기호",A,㎡,,수량
T5.2.5,2,밑그림,"차선밑그림-운행도로,차량부분통제","횡단보도,주차장·문자,기호",A,㎡,,수량
T5.2.6,1,횡단보도 도색,"차선도색(융착식,일반형)-운행도로,차량부분통제","수동식,횡단보도",A,㎡,,수량
T5.2.6,2,밑그림,"차선밑그림-운행도로,차량부분통제","횡단보도,주차장·문자,기호",A,㎡,,수량
T5.2.7,1,문자·기호 도색,"차선도색(융착식,일반형)-운행도로,차량부분통제","수동식,문자,기호",A,㎡,,수량
T5.2.7,2,밑그림,"차선밑그림-운행도로,차량부분통제","횡단보도,주차장·문자,기호",A,㎡,,수량
T5.3.1,1,주차블록 설치,주차블록(카스토퍼),750×150×120,Q,개,,수량
T5.3.1,2,주차블록 자재,주차블록(카스토퍼),750×150×120,Q,EA,,자재
T5.3.1,3,고정 앵커,앵커볼트,주차블록 고정용,Q*2,EA,,자재
T5.9.1,1,(품명 입력),(품명 입력),,Q,식,,수량
T6.1.1,1,총연장,울타리 총연장,,S,m,,없음
T6.1.1,2,경간 수,울타리(메쉬휀스),"W=2.00m, H=1.80m",[1]/2.0,경간,올림0,자재
T6.1.1,3,기초 개수,울타리 기초,B0.25×L0.25×H0.4,[2]*2,개,,없음
T6.1.1,4,기초 레미콘,레미콘,"무근,25-18-8",[3]*0.026,㎥,,자재
T6.1.1,5,기초 거푸집,거푸집,합판6회,[3]*0.4,㎡,,수량
T6.1.2,1,EGI휀스+분진망,가설울타리(E.G.I 휀스+분진망) 설치 및 해체,"W=2.40m, H=3.40m",S,m,,수량
T6.1.2,2,경간 수(참고),가설울타리 경간,1경간 2.0m,[1]/2.0,경간,올림0,없음
T6.1.3,1,출입문 W4.0,"출입문(메쉬휀스,쌍문)","W=4.00m, H=1.80m",A,EA,,자재
T6.1.3,2,출입문 W6.0,"출입문(메쉬휀스,쌍문)","W=6.00m, H=1.80m",B,EA,,자재
T6.1.3,3,기초 개수,출입문 기초,문 1개소당 2개,G*2,개,,없음
T6.1.3,4,기초 레미콘,레미콘,"무근,25-18-8",(A*0.1+B*0.13)*2,㎥,,자재
T6.1.3,5,기초 거푸집,거푸집,합판6회,(A*0.96+B*1.28)*2,㎡,,수량
T6.2.1,1,교통안전원,교통안전원,2인1조,T,일,,수량
T6.2.1,2,연인원(참고),교통안전원 연인원,1일 2인,T*2,인,,없음
T6.2.2,1,안전휀스,안전휀스 설치 및 철거,"PE휀스(1,500×410×900mm)",S,m,,수량
T6.2.2,2,PE휀스 매수,PE휀스,"1,500×410×900mm",[1]/1.5,매,올림0,없음
T6.2.2,3,윙카,윙카호스설치및철거,,S,m,,수량
T6.2.3,1,공사설명판,공사설명판,1.8×0.9m,A,EA,,수량
T6.2.3,2,위험표시판,위험표시판,0.8×0.5m,B,EA,,수량
T6.3.1,1,자동세륜기,자동세륜기 설치 및 철거,W2200×L5150×H1000,C,식,,수량
T6.3.1,2,세륜기 레미콘,레미콘,"무근,25-21-15",C*23.93,㎥,,자재
T6.3.1,3,거푸집,거푸집,합판6회,C*48.79,㎡,,없음
T6.3.1,4,잡석,잡석,막자갈,C*24.26,㎥,,없음
T6.3.1,5,철근,철근,H13,C*0.907,TON,,자재
T6.3.1,6,폐콘크리트,폐콘크리트(철근·구조물),단위중량 2.4t/㎥,[2]*2.4,ton,,폐기물
T6.4.1,1,물푸기,물푸기,D100mm,T,hr,,수량
T6.4.1,2,가동 일수(참고),물푸기 일수,,D,일,,없음
T6.5.1,1,가물막이,가물막이 축조 및 해체,H=1.0m,G,m,,수량
T6.5.1,2,축조 토사,가물막이 축조 토사(토공이월),토사,G*2.0,㎥,,없음
T6.5.1,3,PP마대 사면,PP마대 쌓기 및 헐기,외측 사면,G*1.80278,㎡,,없음
T6.5.1,4,PP마대 매수,PP마대,÷0.024,[3]/0.024,매,올림0,없음
T6.5.1,5,비닐깔기,비닐깔기,외측 사면+0.2m,G*2.00278,㎡,,없음
T6.5.2,1,가물막이,가물막이 축조 및 해체,H=1.5m,G,m,,수량
T6.5.2,2,축조 토사,가물막이 축조 토사(토공이월),토사,G*4.125,㎥,,없음
T6.5.2,3,PP마대 사면,PP마대 쌓기 및 헐기,외측 사면,G*2.70416,㎡,,없음
T6.5.2,4,PP마대 매수,PP마대,÷0.024,[3]/0.024,매,올림0,없음
T6.5.2,5,비닐깔기,비닐깔기,외측 사면+0.2m,G*2.90416,㎡,,없음
T6.5.3,1,가물막이,가물막이 축조 및 해체,톤마대,L,m,,수량
T6.5.3,2,톤마대,톤마대쌓기 및 헐기,외측 사면,V,㎥,,없음
T6.5.3,3,톤마대 매수,톤마대,0.7㎥/매,[2]/0.7,매,올림0,없음
T6.5.3,4,비닐깔기,비닐깔기,외측 사면+0.2m,V+L*0.2,㎡,,없음
T6.6.1,1,철판 설치,철판 설치,W2.5 x B5.0,M*2.5*5.0*0.15*1.03,ton,,수량
T6.6.1,2,철판 면적(참고),철판 면적,T=15mm,M*2.5*5.0,㎡,,없음
T6.7.1,1,중기운반,중기운반,,Q,식,,수량
T6.7.2,1,지하수 심정,지하수 심정 설치,,Q,식,,수량
T6.7.3,1,오탁방지막,오탁방지막 설치 및 해체,1m×20m,S,m,,수량
T6.7.3,2,조수(참고),오탁방지막,20m/조,[1]/20,조,올림0,없음
T6.8.1,1,가배수로 연장,가배수로 설치,,L,m,,없음
T6.8.1,2,터파기,터파기(토공이월),육상 5.0m 이하,V,㎥,,없음
T6.8.1,3,되메우기,되메우기(토공이월),토사,V,㎥,,없음
T6.8.1,4,PP마대,PP마대 쌓기 및 헐기,400x600,L/3*2,EA,올림0,수량
T6.9.1,1,(품명 입력),(품명 입력),,Q,식,,수량
T7.1.1,1,부설 및 접합,주철관 부설 및 접합(KP메커니컬),Φ800~1000mm,T,m,,수량
T7.1.1,2,주철관 자재,주철관(KP메커니컬),Φ800~1000mm,T/6,본,,자재
T7.1.1,3,주철관 절단,주철관 절단,Φ800~1000mm,C,개소,,수량
T7.1.1,4,플랜지접합,플랜지접합,D800~1000mm,F,개소,,수량
T7.1.2,1,접합 및 부설,강관 접합 및 부설,D1200,T/6,개소,,수량
T7.1.2,2,강관 절단,강관절단,D1200,C,개소,,수량
T7.1.2,3,강관 자재,강관,D1200,T,m,,자재
T7.2.1,1,자동문비 설치,"자동문비 설치(FRP, 원형)",D800~1000,Q,조,,수량
T7.2.1,2,자동문비 자재,FRP 자동문비(원형),D800~1000,Q,조,,자재
T7.9.1,1,(품명 입력),(품명 입력),,Q,식,,수량
T8.1.1,1,옹벽 연장,옹벽 연장,역T형 H=4.0m,E,m,,없음
T8.1.1,2,콘크리트(철근),콘크리트타설,"(철근,VIB 포함)",E*2.62,㎥,,수량
T8.1.1,3,콘크리트(무근),콘크리트타설,"(무근, VIB 제외)",E*0.32,㎥,,수량
T8.1.1,4,거푸집 유로폼,거푸집,(유로폼 벽체용),E*8.26,㎡,,수량
T8.1.1,5,거푸집 합판,거푸집,(합판6회),E*0.23,㎡,,수량
T8.1.1,6,철근가공조립,철근 가공 조립,(복잡),E*0.357,TON,,수량
T8.1.1,7,비계,비계,(강관),E*6.2,㎡,,수량
T8.1.1,8,스페이서 벽체,스페이서,(벽체용),E*8,㎡,,수량
T8.1.1,9,스페이서 바닥,스페이서,(바닥용),E*3,㎡,,수량
T8.1.1,10,수축줄눈,수축줄눈,35mm,C*3.6,m,,수량
T8.1.1,11,드레인보드,드레인보드,,E*3.1,㎡,,수량
T8.1.1,12,부직포,부직포,,E*6.7,㎡,,수량
T8.1.1,13,배수 PIPE,배수 PIPE,PVC Φ50,E*0.11,m,,수량
T8.1.1,14,실런트,실런트,20mm x 25mm,N*7.63,KG,,수량
T8.1.1,15,채움재,채움재,T=20mm,N*2.43,㎡,,수량
T8.1.1,16,다웰바,다웰바,"D25,L=800",N*14,EA,,수량
T8.1.1,17,레미콘(철근),레미콘,"철근,25-27-15",[2]*1.01,㎥,,자재
T8.1.1,18,레미콘(무근),레미콘,"무근,25-18-8",[3]*1.02,㎥,,자재
T8.1.1,19,철근 H13,철근,SD40 H13,E*0.102*1.03,TON,,자재
T8.1.1,20,철근 H16,철근,SD40 H16,E*0.01*1.03,TON,,자재
T8.1.1,21,철근 H19,철근,SD40 H19,E*0.03*1.03,TON,,자재
T8.1.1,22,철근 H25,철근,SD40 H25,E*0.215*1.06,TON,,자재
T8.1.2,1,옹벽 연장,옹벽 연장,역T형 H=4.5m,E,m,,없음
T8.1.2,2,콘크리트(철근),콘크리트타설,"(철근,VIB 포함)",E*3.21,㎥,,수량
T8.1.2,3,콘크리트(무근),콘크리트타설,"(무근, VIB 제외)",E*0.36,㎥,,수량
T8.1.2,4,거푸집 유로폼,거푸집,(유로폼 벽체용),E*9.32,㎡,,수량
T8.1.2,5,거푸집 합판,거푸집,(합판6회),E*0.24,㎡,,수량
T8.1.2,6,철근가공조립,철근 가공 조립,(복잡),E*0.284,TON,,수량
T8.1.2,7,비계,비계,(강관),E*7.1,㎡,,수량
T8.1.2,8,스페이서 벽체,스페이서,(벽체용),E*9,㎡,,수량
T8.1.2,9,스페이서 바닥,스페이서,(바닥용),E*3.4,㎡,,수량
T8.1.2,10,수축줄눈,수축줄눈,35mm,C*4.05,m,,수량
T8.1.2,11,드레인보드,드레인보드,,E*3.55,㎡,,수량
T8.1.2,12,부직포,부직포,,E*7.6,㎡,,수량
T8.1.2,13,배수 PIPE,배수 PIPE,PVC Φ50,E*0.12,m,,수량
T8.1.2,14,실런트,실런트,20mm x 25mm,N*8.61,KG,,수량
T8.1.2,15,채움재,채움재,T=20mm,N*2.99,㎡,,수량
T8.1.2,16,다웰바,다웰바,"D25,L=800",N*16,EA,,수량
T8.1.2,17,레미콘(철근),레미콘,"철근,25-27-15",[2]*1.01,㎥,,자재
T8.1.2,18,레미콘(무근),레미콘,"무근,25-18-8",[3]*1.02,㎥,,자재
T8.1.2,19,철근 H13,철근,SD40 H13,E*0.114*1.03,TON,,자재
T8.1.2,20,철근 H16,철근,SD40 H16,E*0.034*1.03,TON,,자재
T8.1.2,21,철근 H19,철근,SD40 H19,E*0.136*1.03,TON,,자재
T8.1.3,1,옹벽 연장,옹벽 연장,역T형 H=5.0m,E,m,,없음
T8.1.3,2,콘크리트(철근),콘크리트타설,"(철근,VIB 포함)",E*3.96,㎥,,수량
T8.1.3,3,콘크리트(무근),콘크리트타설,"(무근, VIB 제외)",E*0.42,㎥,,수량
T8.1.3,4,거푸집 유로폼,거푸집,(유로폼 벽체용),E*10.4,㎡,,수량
T8.1.3,5,거푸집 합판,거푸집,(합판6회),E*0.24,㎡,,수량
T8.1.3,6,철근가공조립,철근 가공 조립,(복잡),E*0.461,TON,,수량
T8.1.3,7,비계,비계,(강관),E*8,㎡,,수량
T8.1.3,8,스페이서 벽체,스페이서,(벽체용),E*10,㎡,,수량
T8.1.3,9,스페이서 바닥,스페이서,(바닥용),E*4,㎡,,수량
T8.1.3,10,수축줄눈,수축줄눈,35mm,C*4.5,m,,수량
T8.1.3,11,드레인보드,드레인보드,,E*4,㎡,,수량
T8.1.3,12,부직포,부직포,,E*8.5,㎡,,수량
T8.1.3,13,배수 PIPE,배수 PIPE,PVC Φ50,E*0.13,m,,수량
T8.1.3,14,실런트,실런트,20mm x 25mm,N*9.73,KG,,수량
T8.1.3,15,채움재,채움재,T=20mm,N*3.72,㎡,,수량
T8.1.3,16,다웰바,다웰바,"D25,L=800",N*18,EA,,수량
T8.1.3,17,레미콘(철근),레미콘,"철근,25-27-15",[2]*1.01,㎥,,자재
T8.1.3,18,레미콘(무근),레미콘,"무근,25-18-8",[3]*1.02,㎥,,자재
T8.1.3,19,철근 H13,철근,SD40 H13,E*0.133*1.03,TON,,자재
T8.1.3,20,철근 H16,철근,SD40 H16,E*0.011*1.03,TON,,자재
T8.1.3,21,철근 H19,철근,SD40 H19,E*0.039*1.03,TON,,자재
T8.1.3,22,철근 H25,철근,SD40 H25,E*0.278*1.06,TON,,자재
T8.1.4,1,옹벽 연장,옹벽 연장,역T형 H=6.0m,E,m,,없음
T8.1.4,2,콘크리트(철근),콘크리트타설,"(철근,VIB 포함)",E*5.29,㎥,,수량
T8.1.4,3,콘크리트(무근),콘크리트타설,"(무근, VIB 제외)",E*0.47,㎥,,수량
T8.1.4,4,거푸집 유로폼,거푸집,(유로폼 벽체용),E*12.53,㎡,,수량
T8.1.4,5,거푸집 합판,거푸집,(합판6회),E*0.25,㎡,,수량
T8.1.4,6,철근가공조립,철근 가공 조립,(복잡),E*0.534,TON,,수량
T8.1.4,7,비계,비계,(강관),E*9.8,㎡,,수량
T8.1.4,8,스페이서 벽체,스페이서,(벽체용),E*12,㎡,,수량
T8.1.4,9,스페이서 바닥,스페이서,(바닥용),E*4.5,㎡,,수량
T8.1.4,10,수축줄눈,수축줄눈,35mm,C*5.4,m,,수량
T8.1.4,11,드레인보드,드레인보드,,E*4.9,㎡,,수량
T8.1.4,12,부직포,부직포,,E*10.3,㎡,,수량
T8.1.4,13,배수 PIPE,배수 PIPE,PVC Φ50,E*0.16,m,,수량
T8.1.4,14,실런트,실런트,20mm x 25mm,N*11.48,KG,,수량
T8.1.4,15,채움재,채움재,T=20mm,N*5,㎡,,수량
T8.1.4,16,다웰바,다웰바,"D25,L=800",N*21,EA,,수량
T8.1.4,17,레미콘(철근),레미콘,"철근,25-27-15",[2]*1.01,㎥,,자재
T8.1.4,18,레미콘(무근),레미콘,"무근,25-18-8",[3]*1.02,㎥,,자재
T8.1.4,19,철근 H13,철근,SD40 H13,E*0.157*1.03,TON,,자재
T8.1.4,20,철근 H16,철근,SD40 H16,E*0.013*1.03,TON,,자재
T8.1.4,21,철근 H19,철근,SD40 H19,E*0.045*1.03,TON,,자재
T8.1.4,22,철근 H25,철근,SD40 H25,E*0.319*1.06,TON,,자재
T8.2.1,1,직관 접합,내충격수도관 직관 접합(편수접합),D=50 x 6.00,P/6,본,,수량
T8.2.1,2,직관 부설,내충격수도관 직관부설,D=50 x 6.00,P/6,본,,수량
T8.2.1,3,편수직관,내충격수도관 편수직관,D50x6.0m,P/6,본,,자재
T8.2.1,4,이탈방지클램프,이탈방지클램프,D50,P/6,EA,,자재
T8.2.1,5,수압시험,수압시험,D50,P/300,회,올림0,수량
T8.2.1,6,경고용 테이프,경고용 테이프,,P,m,,수량
T8.2.2,1,이형관 접합,내충격수도관 이형관 접합,D50,E*2,개소,,수량
T8.2.2,2,이형관 부설,내충격수도관 이형관 부설,D50,F,개소,,수량
T8.2.2,3,절단,내충격수도관 절단,D50,F,개소,,수량
T8.2.2,4,엘보,내충격수도관 엘보,D50x45°,E,EA,,자재
T8.2.2,5,단관,내충격수도관 단관,D0.5x0.3m,S,EA,,자재
T8.2.3,1,전자융착 접합,PE관 전자 융착식 접합,D50,E,개소,,수량
T8.2.3,2,이형관 부설,PE관 이형관 부설,D50,F,개소,,수량
T8.2.3,3,이형관 절단,PE관 이형관 절단,D50,S+C,개소,,수량
T8.2.3,4,엘보,PE관 엘보,D50x45°,E,EA,,자재
T8.2.3,5,단관,PE관 단관,D50,S,EA,,자재
T8.3.1,1,직관부설·접합,PVC관 직관부설 및 접합,D100mm,P/4.0,본,올림0,수량
T8.3.1,2,이형관부설·접합,PVC관 이형관부설 및 접합,D100mm,E*2,개소,,수량
T8.3.1,3,절단,PVC관 절단,D100mm,E+S,개소,,수량
T8.3.1,4,경고용 테이프,경고용 테이프,,T,m,,수량
T8.3.1,5,PVC 직관,PVC관 직관,D100x4.0m,[1],본,,자재
T8.3.1,6,PVC 단관,PVC관 단관,D100x2.0m,S,EA,,자재
T8.3.1,7,PVC 엘보,PVC관 엘보,D100x90°,E,EA,,자재
T8.3.2,1,직관 부설,내충격수도관 직관부설,D=65 x 6.00,P/6,본,,수량
T8.3.2,2,직관 접합,내충격수도관 직관 접합(편수접합),D=65 x 6.00,P/6,본,,수량
T8.3.2,3,편수직관,내충격수도관 편수직관,D65x6.0m,P/6,본,,자재
T8.3.2,4,이탈방지클램프,이탈방지클램프,D65,P/6,EA,,자재
T8.3.2,5,수압시험,수압시험,D80mm이하,P/300,회,올림0,수량
T8.3.2,6,경고용 테이프,경고용 테이프,,P,m,,수량
T8.4.1,1,용접접합,STS관 용접접합,D32,P/4+M,개소,,수량
T8.4.1,2,직관부설,STS관 직관부설,D32,P,m,,수량
T8.4.1,3,STS 직관,STS관 직관,D32mm,P,m,,자재
T8.9.1,1,(품명 입력),(품명 입력),,Q,식,,수량
