항목ID,유형ID,순서,품명,규격,단위,산식,근거,양식,끝수
BU1-01,BU1,1,아스팔트포장깨기,대형브레이커+0.7㎥,㎥,A × T,,,
BU1-02,BU1,2,아스팔트 포장절단,,m,L × N,,,
BU1-03,BU1,3,보도용 블록 장비사용 철거,A-Type,㎡,L×B,,,
BU1-04,BU1,4,무근콘크리트깨기,T=30cm미만(양호),㎥,A × T,,,
BU1-05,BU1,5,기존 구조물 철거,철거계획평면도,㎥,담장 L × H × T (체적),,,
BU1-06,BU1,6,건축물 철거(철근콘크리트조),연면적 기준,㎡,A (연면적),,,
BU1-07,BU1,7,건축물 철거(조적조: 벽돌·블록),연면적 기준,㎡,A (연면적),,,
BU1-08,BU1,8,건축물 철거(목조),연면적 기준,㎡,A (연면적),,,
BU1-09,BU1,9,석면 조사 및 해체(해당 시),,식,N,,,
BU1-10,BU1,10,폐기물상차,로우더 1.72㎥,㎥,깨기·철거 체적(㎥) 합계,,,
BU2-01,BU2,1,아스콘포장/표층 및 중간층/소규모포설,1층 포설두께 7.5cm이하,㎡,L×B,,,
BU2-02,BU2,2,아스콘포장/기층/기계포설(소형장비),1층 포설두께 8~10cm,㎡,L×B,,,
BU2-03,BU2,3,텍코팅,인력식(수동식살포기)/1회,㎡,L×B,,,
BU2-04,BU2,4,프라임코팅,인력식(수동식살포기)/1회,㎡,L×B,,,
BU2-05,BU2,5,보조기층 포설 및 다짐,소규모 포설,㎥,L×B×T,,,
BU2-06,BU2,6,"보조기층운반(혼합골재,공장상차)",덤프24톤,㎥,L×B×T,,,
BU2-07,BU2,7,콘크리트포장(인력포설),"A-Type, t=20cm",㎡,L×B,,,
BU2-08,BU2,8,보도용 블록포장(복구),t=6cm,㎡,L×B,,,
BU3-01,BU3,1,사석부설,30kg이상,㎥,L×B×T,,,
BU3-02,BU3,2,필터매트부설,수상,㎡,L×B,,,
BU3-03,BU3,3,호안블럭 설치(제방 절개부 복구),1000×1000×200,㎡,L×B,,,
BU3-04,BU3,4,콘크리트 타설(호안기초),"무근, 25-18-8",㎥,L×B×T,,,
BU3-05,BU3,5,떼붙임(제방 비탈면 복구),평떼,식,L×B,,,
BU4-01,BU4,1,흙쌓기부 집수정,"형식1, D600",개소,N,,,
BU4-02,BU4,2,집수정 뚜껑 설치,그레이팅/맨홀뚜껑 600×600,개,N,,,
BU4-03,BU4,3,L형측구 설치,,m,L×N,,,
BU4-04,BU4,4,이중벽PE관접합및부설(연결관),D=150mm,m,L×N,,,
BU5-01,BU5,1,보차도 및 도로 경계블록,A-Type/직선구간,m,L×N,,,
BU5-02,BU5,2,"차선도색(융착식,일반형)-운행도로,차량부분통제","수동식,백색실선",㎡,L×B,,,
BU5-03,BU5,3,"차선밑그림-운행도로,차량부분통제","횡단보도,주차장·문자,기호",㎡,L×B,,,
BU5-04,BU5,4,주차블록(카스토퍼),750×150×120,식,N,,,
BU6-01,BU6,1,물푸기,D100mm,hr,대수×일수×시간,,,
BU6-02,BU6,2,가물막이 축조 및 해체,H=1.0m,m,L×N,,,
BU6-03,BU6,3,자동세륜기 설치 및 철거,W2200×L5150×H1000,식,N,,,
BU6-04,BU6,4,가설울타리(E.G.I 휀스+분진망) 설치 및 해체,"W=2.40m, H=3.40m",m,L×N,,,
BU6-05,BU6,5,교통안전원,2인1조,일,N,,,
BU6-06,BU6,6,중기운반,,식,N,,,
BU7-01,BU7,1,주철관 부설 및 접합(KP메커니컬),Φ800~1000mm,m,L×N,,,
BU7-02,BU7,2,플랜지접합,D800~1000mm,식,N,,,
BU7-03,BU7,3,주철관 절단,Φ800~1000mm,개소,N,,,
BU7-04,BU7,4,"자동문비 설치(FRP, 원형)",D800~1000,조,N,,,
BU8-01,BU8,1,옹벽 설치(부대),콘크리트옹벽,식,N,,,
BU8-02,BU8,2,오수관로 이설,,식,N,,,
BU8-03,BU8,3,상수관로 이설,,식,N,,,
