틀ID,분류코드,대분류,중분류,소분류,조서열,행식,변수,행단위,설명
T1.1.1,1.1.1,깨기·철거,포장 깨기,아스팔트 포장 깨기,A:깨기면적(㎡)|T:두께(m)=0.15|L:절단(m),A*T,V,㎥,"위치별 깨기 면적·절단 연장 → 면적×두께 체적, 절단 m, 폐아스콘 ton(2.35t/㎥)"
T1.1.2,1.1.2,깨기·철거,포장 깨기,콘크리트 포장 깨기(무근),A:깨기면적(㎡)|T:두께(m)=0.2|L:절단(m),A*T,V,㎥,"위치별 무근 콘크리트 포장 깨기 면적·절단 → 면적×두께 체적, 절단 m, 폐콘크리트 ton(2.3t/㎥)"
T1.1.3,1.1.3,깨기·철거,포장 깨기,보도블록 철거(장비),A:철거면적(㎡)|T:두께(m)=0.06,A*T,V,㎥,"위치별 보도블록 철거 면적 → 면적×두께 폐기물 체적, 폐콘크리트 ton(2.3t/㎥)"
T1.2.1,1.2.1,깨기·철거,구조물 깨기·철거,담장 깨기(무근),L:연장(m)|T:본체두께(m)|H:본체높이(m)|F:기초단면(㎡)=0,(T*H+F)*L,V,㎥,"위치별 담장 연장 → 본체 T×H×L + 기초(B×H 단면)×L 체적, 폐콘크리트 ton(2.3t/㎥)"
T1.2.2,1.2.2,깨기·철거,구조물 깨기·철거,철근콘크리트 구조물 깨기,L:연장(m)|T:두께(m)|H:높이(m),T*H*L,V,㎥,"위치별 옹벽 등 철근콘크리트 본체 연장 → T×H×L 체적, 폐콘크리트 ton(2.4t/㎥). 기초는 기초 깨기 틀로"
T1.2.3,1.2.3,깨기·철거,구조물 깨기·철거,구조물 기초 깨기(무근),L:연장(m)|B:기초폭(m)|H:기초높이(m),B*H*L,V,㎥,"위치별 구조물 기초 B×H×L 체적, 폐콘크리트 ton(2.3t/㎥)"
T1.2.4,1.2.4,깨기·철거,구조물 깨기·철거,가드레일 철거,L:연장(m)|N:구간=1,L,L,m,"위치별 철거 연장 → 경간(L/4)·지주(L/4+구간), 고재 ton(부재 단위중량), 고재처리 80%"
T1.3.1,1.3.1,깨기·철거,건축물 철거,건축물 철거 철근콘크리트조,A:연면적(㎡),A,A,㎡,"건물별 연면적 → 발생원단위(ton/㎡)로 폐기물 ton, 단위중량으로 운반 체적(콘크리트류 1.6·금속 2.0·혼합 1.05t/㎥)"
T1.3.2,1.3.2,깨기·철거,건축물 철거,건축물 철거 조적조,A:연면적(㎡),A,A,㎡,"건물별 연면적 → 발생원단위(ton/㎡)로 폐기물 ton(혼합=목재+가연+불연), 단위중량으로 운반 체적(2.3·7.85·1.9t/㎥)"
T1.3.3,1.3.3,깨기·철거,건축물 철거,건축물 철거 목조,A:연면적(㎡),A,A,㎡,"건물별 연면적 → 발생원단위(ton/㎡)로 폐기물 ton(혼합=목재+가연+불연), 단위중량으로 운반 체적(2.3·7.85·1.9t/㎥)"
T1.3.4,1.3.4,깨기·철거,건축물 철거,건축물 철거 조립식·컨테이너,A:연면적(㎡),A,A,㎡,"건물별 연면적 → 발생원단위(ton/㎡)로 폐기물 ton(혼합=목재+가연+불연), 단위중량으로 운반 체적(2.3·7.85·1.9t/㎥)"
T1.4.1,1.4.1,깨기·철거,폐기물 처리,폐기물 상차·운반,C:무근콘크리트(㎥)|R:철근콘크리트(㎥)|S:아스콘(㎥),C+R+S,V,㎥,"공종별 깨기 체적 → 폐기물상차 ㎥, 운반 ton(무근 2.3·철근 2.4·아스콘 2.35t/㎥). 운반 ton은 개별 틀 폐기물 줄과 같은 양"
T1.4.2,1.4.2,깨기·철거,폐기물 처리,석면 해체·지정폐기물,F:최종처리(ton)|S:고형화처리(ton)=0,F+S,W,ton,(해당 시) 위치별 폐석면 발생량 → 지정폐기물 운반·처리 ton(최종처리·고형화처리)
T1.9.1,1.9.1,깨기·철거,직접 입력,직접 입력(한 품목),Q:수량,Q,Q,,맞는 틀이 없을 때 - 줄 이름·품명·규격·단위를 고쳐 쓴다
T2.1.1,2.1.1,포장,아스팔트 포장,아스팔트 포장 T=150,A:면적(㎡),A,A,㎡,"위치별 포장 면적 → 표층5·기층10cm 포설, 코팅, 보조기층20cm, 아스콘 t·역청재 D/M"
T2.1.2,2.1.2,포장,아스팔트 포장,아스팔트 포장 T=200(도로),A:면적(㎡),A,A,㎡,"위치별 포장 면적 → 표층 WC-2 5cm·기층 BB-2 15cm(2층), 보조기층18cm, 할증 포함 아스콘 t·역청재"
T2.2.1,2.2.1,포장,콘크리트 포장,콘크리트 포장 T=200,A:면적(㎡)|J:줄눈(m)=0|L:거푸집 연장(m)=0,A,A,㎡,"위치별 포장 면적·줄눈·거푸집 연장 → 콘크리트 20cm, 보조기층20cm, 와이어메쉬, 레미콘"
T2.2.2,2.2.2,포장,콘크리트 포장,콘크리트 포장 T=150,A:면적(㎡)|J:줄눈(m)=0|L:거푸집 연장(m)=0,A,A,㎡,"위치별 포장 면적·줄눈·거푸집 → 콘크리트 15cm, 보조기층20cm(혼합60%+순환40%), 메쉬·비닐"
T2.2.3,2.2.3,포장,콘크리트 포장,콘크리트 포장 T=200(양생),A:면적(㎡)|L:거푸집 연장(m)=0|J:줄눈(m)=0,A,A,㎡,"CAD 구적 면적·거푸집 연장·줄눈 → 콘크리트 20cm, 보조기층20cm, 양생·거푸집·줄눈, 레미콘·메쉬"
T2.2.4,2.2.4,포장,콘크리트 포장,콘크리트 포장 T=200(비닐),A:면적(㎡)|J:수축줄눈(m)=0|L:거푸집 연장(m)=0,A,A,㎡,"위치별 포장 면적 → 레미콘 20cm, 메쉬 100x100, 비닐깔기·양생, 보조기층20cm 구입운반 환산"
T2.2.5,2.2.5,포장,콘크리트 포장,투수콘 포장 T=7cm,A:면적(㎡),A,A,㎡,"위치별 포장 면적 → 투수콘 7cm, 보조기층10cm, 모래부설5cm"
T2.3.1,2.3.1,포장,블록 포장,보도블록 포장 T=6cm,A:면적(㎡),A,A,㎡,위치별 보도 면적(점자블록 공제) → 블록·방초시트·모래4cm·보조기층10cm 구입운반 환산
T2.3.2,2.3.2,포장,블록 포장,점자블록 포장 T=6cm,P:점형블록(㎡)=0|Q:선형블록(㎡)=0,P+Q,A,㎡,위치별 점형·선형블록 면적 → 블록 매수(0.09㎡/EA)·방초시트·모래4cm·보조기층10cm
T2.3.3,2.3.3,포장,블록 포장,차도블록 포장 T=8cm,A:면적(㎡),A,A,㎡,위치별 차도블록 면적 → 블록·방초시트·모래2cm·보조기층15cm 구입운반 환산
T2.9.1,2.9.1,포장,직접 입력,직접 입력(한 품목),Q:수량,Q,Q,,맞는 틀이 없을 때 - 줄 이름·품명·규격·단위를 고쳐 쓴다
T3.1.1,3.1.1,하상보호·호안,하상 보호,사석부설 30kg이상,L:길이(m)|B:폭(m)|T:두께(m),L*B*T,V,㎥,위치별 길이×폭×두께 → 사석 체적(시공·자재)
T3.1.2,3.1.2,하상보호·호안,하상 보호,필터매트부설,L:길이(m)|B:폭(m),L*B,A,㎡,위치별 길이×폭 → 필터매트 면적(시공·자재)
T3.2.1,3.2.1,하상보호·호안,호안,호안블럭 1000×1000×200,L:연장(m)|S:사면길이(m),L*S,A,㎡,"구간별 연장×사면길이 → 블럭 면적, 연장 × m당 단위수량 → 기초·거푸집·부직포·터파기"
T3.2.2,3.2.2,하상보호·호안,호안,호안 기초 콘크리트,L:연장(m)|S:단면적(㎡),L*S,V,㎥,구간별 연장×기초 단면적 → 무근 콘크리트 체적
T3.2.3,3.2.3,하상보호·호안,호안,떼붙임(평떼),L:연장(m)|S:사면길이(m),L*S,A,㎡,구간별 연장×사면길이 → 떼붙임 면적
T3.2.4,3.2.4,하상보호·호안,호안,식생매트,L:연장(m)|S:사면길이(m),L*S,A,㎡,구간별 연장×사면길이 → 식생매트 면적
T3.9.1,3.9.1,하상보호·호안,직접 입력,직접 입력(한 품목),Q:수량,Q,Q,,맞는 틀이 없을 때 - 줄 이름·품명·규격·단위를 고쳐 쓴다
T4.1.1,4.1.1,우·배수,집수정,집수정 600×600×600,N:개소=1,N,N,개소,"위치별 개소 → 집수정·뚜껑·앵글, 개소당 기초 콘크리트 1.3×1.3×0.1·거푸집"
T4.1.2,4.1.2,우·배수,집수정,집수정 600×600×800H 토공,N:개소=1,N,N,개소,"위치별 개소 → 집수정·그레이팅, 개소당 터파기·되메우기·잔토"
T4.1.3,4.1.3,우·배수,집수정,우수받이 400×900×900H,N:개소=1,N,N,개소,"위치별 개소 → 우수받이·그레이팅·받침대, 개소당 터파기·되메우기·잔토"
T4.2.1,4.2.1,우·배수,측구,L형측구 설치,L:연장(m)|N:열수=1,L*N,E,m,위치별 연장×열수 → 적용 연장 × m당 경계석·콘크리트·몰탈·거푸집
T4.2.2,4.2.2,우·배수,측구,L형측구 철거,L:연장(m)|N:열수=1,L*N,E,m,위치별 연장×열수 → 적용 연장 × m당 콘크리트 깨기 → 폐콘크리트
T4.2.3,4.2.3,우·배수,측구,콘크리트 도수로 0.3×0.3,L:연장(m)|M:소단(개소),L,L,m,수로 연장 × m당 + 소단 개소 × 개소당 → 콘크리트·거푸집·철근
T4.3.1,4.3.1,우·배수,연결관,이중벽PE관 연결관 D150,L:연장(m)|N:관천공(개소)=1,L,L,m,"위치별 연결관 연장·관천공 → 관 부설·본수·천공·절단, m당 토공(평균높이 1.0m)"
T4.3.2,4.3.2,우·배수,연결관,이중벽PE관 연결관 D250,L:연장(m)|N:관천공(개소)=1,L,L,m,"위치별 연결관 연장·관천공 → 관 부설·본수·천공·절단, m당 토공(평균높이 1.0m)"
T4.3.3,4.3.3,우·배수,연결관,이중벽PE관 연결관 D500,L:연장(m)|N:관천공(개소)=1,L,L,m,"위치별 연결관 연장·접합 개소 → 관 부설·본수·천공·절단·지수링·몰탈, m당 토공"
T4.9.1,4.9.1,우·배수,직접 입력,직접 입력(한 품목),Q:수량,Q,Q,,맞는 틀이 없을 때 - 줄 이름·품명·규격·단위를 고쳐 쓴다
T5.1.1,5.1.1,도로부대시설,경계석,보차도경계석 200×250×1000,L:직선(m)|C:곡선(m),L+C,T,m,직선·곡선 연장 → 1m당 기초 콘크리트·거푸집·몰탈·줄눈·보조기층
T5.1.2,5.1.2,도로부대시설,경계석,보차도경계석(경사) 200×250/100×1000,L:직선(m)|C:곡선(m),L+C,T,m,경사석 직선·곡선 연장 → 1m당 기초 콘크리트·거푸집·몰탈·줄눈·보조기층
T5.1.3,5.1.3,도로부대시설,경계석,보차도경계석(낮춤) 200×100×1000,L:직선(m)|C:곡선(m),L+C,T,m,낮춤석 직선·곡선 연장 → 1m당 기초 콘크리트·거푸집·몰탈·줄눈·보조기층
T5.1.4,5.1.4,도로부대시설,경계석,중분대경계석 200×300×1000,L:직선(m)|C:곡선(m),L+C,T,m,중분대 직선·곡선 연장 → 1m당 기초 콘크리트·거푸집·몰탈
T5.1.5,5.1.5,도로부대시설,경계석,도로경계석 150×150×1000,L:연장(m),L,T,m,연장 → 1m당 기초 콘크리트·거푸집·몰탈
T5.1.6,5.1.6,도로부대시설,경계석,화단경계석 100×100×1000,L:연장(m),L,T,m,연장 → 1m당 기초 콘크리트·거푸집·몰탈
T5.2.1,5.2.1,도로부대시설,차선도색,차선도색 황색실선,L:연장(m)|B:폭(m)=0.15,L*B,A,㎡,위치별 실선 연장 × 차선 폭 → 도색 면적
T5.2.2,5.2.2,도로부대시설,차선도색,차선도색 황색파선,L:연장(m)|B:폭(m)=0.15|R:도색비=0.5,L*B*R,A,㎡,위치별 파선 연장 × 폭 × 도색비율 → 도색 면적
T5.2.3,5.2.3,도로부대시설,차선도색,차선도색 백색실선,L:연장(m)|B:폭(m)=0.15,L*B,A,㎡,위치별 실선 연장 × 차선 폭 → 도색 면적
T5.2.4,5.2.4,도로부대시설,차선도색,차선도색 백색파선,L:연장(m)|B:폭(m)=0.15|R:도색비=0.5,L*B*R,A,㎡,위치별 파선·유도선 연장 × 폭 × 도색비율 → 도색 면적
T5.2.5,5.2.5,도로부대시설,차선도색,정지선,L:길이(m)|B:폭(m)=0.5,L*B,A,㎡,위치별 정지선 길이 × 폭 → 도색·밑그림 면적
T5.2.6,5.2.6,도로부대시설,차선도색,횡단보도,W:폭(m)=4|L:길이(m)|N:화살표(개)=0,W*L*0.5+N*0.17,A,㎡,위치별 폭 × 길이 × 1/2(줄무늬) + 화살표 0.17㎡/개 → 도색·밑그림 면적
T5.2.7,5.2.7,도로부대시설,차선도색,노면 문자·기호,N:개수(EA)|U:단위면적(㎡/EA),N*U,A,㎡,표시 종류별 개수 × 1개당 면적 → 도색·밑그림 면적
T5.3.1,5.3.1,도로부대시설,주차블록,주차블록(카스토퍼) 750×150×120,N:개수(개),N,Q,개,주차면별 블록 개수 → 설치·자재·고정 앵커
T5.9.1,5.9.1,도로부대시설,직접 입력,직접 입력(한 품목),Q:수량,Q,Q,,맞는 틀이 없을 때 - 줄 이름·품명·규격·단위를 고쳐 쓴다
T6.1.1,6.1.1,가설·기타,가설 울타리·출입문,울타리(메쉬휀스) W=2.0m H=1.8m,L:연장(m),L,S,m,"울타리 총연장 ÷ 경간 2.0m(올림) → 경간 수, 기초는 경간×2개(1개 0.026㎥·거푸집 0.4㎡)"
T6.1.2,6.1.2,가설·기타,가설 울타리·출입문,가설울타리 EGI휀스+분진망 W=2.4m H=3.4m,L:연장(m),L,S,m,"가설울타리 총연장(100% 적용) → m 수량, 경간(2.0m) 수는 참고"
T6.1.3,6.1.3,가설·기타,가설 울타리·출입문,"출입문(메쉬휀스, 쌍문) H=1.8m",A:W4.0m 문(개소)|B:W6.0m 문(개소),A+B,G,개소,"문 폭별 개소 → 출입문 EA, 기초 문당 2개(W4.0 0.4×0.4×0.6, W6.0 0.4×0.4×0.8)"
T6.2.1,6.2.1,가설·기타,교통 안전,교통안전원 2인1조,D:일수(일),D,T,일,교통통제·안전관리 작업별 일수(1일 2인) → 교통안전원 일
T6.2.2,6.2.2,가설·기타,교통 안전,안전휀스(PE휀스)·윙카,L:연장(m),L,S,m,"안전휀스 설치 연장 → 안전휀스 m, PE휀스 매수(1.5m/매, 올림), 윙카 m"
T6.2.3,6.2.3,가설·기타,교통 안전,공사 안내표지판,A:공사설명판(EA)|B:위험표시판(EA),A+B,P,EA,공사설명판(1.8×0.9m)·위험표시판(0.8×0.5m) 개수
T6.3.1,6.3.1,가설·기타,세륜,자동세륜기 W2200×L5150×H1000,N:개소=1,N,C,개소,"세륜시설 개소 → 1개소당 콘크리트 23.93㎥·거푸집 48.79㎡·잡석 24.26㎥·철근 0.907t, 철거 시 폐콘크리트"
T6.4.1,6.4.1,가설·기타,물푸기,물푸기 D100mm,N:대수(대)=1|D:일수(일)|H:일 가동(hr)=8,N*D*H,T,hr,작업별 펌프 대수×일수×일 가동시간 → 물푸기 hr (일수=배수대상 체적÷일작업량 + 양생 등)
T6.5.1,6.5.1,가설·기타,가물막이,"가물막이 H=1.0m (상단 0.5m, 1:1.5)",L:연장(m),L,G,m,"가물막이 연장 → m 수량, m당 축조 토사 2.0㎥·PP마대 사면 1.80278㎡·비닐 2.00278㎡ (참고)"
T6.5.2,6.5.2,가설·기타,가물막이,"가물막이 H=1.5m (상단 0.5m, 1:1.5)",L:연장(m),L,G,m,"가물막이 연장 → m 수량, m당 축조 토사 4.125㎥·PP마대 사면 2.70416㎡·비닐 2.90416㎡ (참고)"
T6.5.3,6.5.3,가설·기타,가물막이,톤마대 가물막이 (사면길이 입력),L:연장(m)|S:사면길이(m),L*S,V,㎥,"연장×외측 사면길이(√(H²+(m·H)²)) → 톤마대 ㎥·매수(0.7㎥/매, 올림)·비닐(사면+0.2m)"
T6.6.1,6.6.1,가설·기타,가설 철판,가설 철판 T=15mm 2.5×5.0m,N:장수(매),N,M,매,철판 장수 → 1매 2.5×5.0×0.15×1.03 ton (참고 산식 그대로)
T6.7.1,6.7.1,가설·기타,기타 가설,중기운반,N:식=1,N,Q,식,중기운반 1식 (참고 산출근거 없음 — 식 단위 그대로)
T6.7.2,6.7.2,가설·기타,기타 가설,지하수 심정 설치,N:식=1,N,Q,식,지하수 심정 설치 1식
T6.7.3,6.7.3,가설·기타,기타 가설,오탁방지막 1m×20m,L:연장(m),L,S,m,"오탁방지막 설치 연장 → m 수량, 20m 1조 기준 조수(올림) 참고"
T6.8.1,6.8.1,가설·기타,가배수로,가배수로 (사다리꼴 흙수로),L:연장(m)|B:상폭(m)|C:하폭(m)|H:깊이(m),(B+C)/2*H*L,V,㎥,"구간별 연장·단면 → 터파기=되메우기 ㎥(토공이월), PP마대 연장÷3×2(올림)"
T6.9.1,6.9.1,가설·기타,직접 입력,직접 입력(한 품목),Q:수량,Q,Q,,맞는 틀이 없을 때 - 줄 이름·품명·규격·단위를 고쳐 쓴다
T7.1.1,7.1.1,방류관로,토출관,주철관(KP메커니컬) Φ800~1000,L:연장(m)|C:절단(개소)=1|F:플랜지접합(개소),L,T,m,"관로별 연장 → 부설·접합(m)·자재(6m/본), 절단·플랜지 접합 개소"
T7.1.2,7.1.2,방류관로,토출관,강관 토출관 D1200,L:연장(m)|C:절단(개소)=1,L,T,m,관로별 연장 → 접합 및 부설(6m당 1개소)·절단 개소·강관 자재(m)
T7.2.1,7.2.1,방류관로,문비,자동문비(FRP·원형) D800~1000,N:수량(조)=1,N,Q,조,토출구별 문비 수 → 설치·자재
T7.9.1,7.9.1,방류관로,직접 입력,직접 입력(한 품목),Q:수량,Q,Q,,맞는 틀이 없을 때 - 줄 이름·품명·규격·단위를 고쳐 쓴다
T8.1.1,8.1.1,옹벽·이설,옹벽,역T형 옹벽 H=4.0m,L:연장(m)|C:수축줄눈(개소)|N:신축이음(개소),L,E,m,"옹벽 연장×m당 단위수량(콘크리트·거푸집·비계·스페이서·배수) + 줄눈 개소×개소당 수량, 레미콘·철근 할증"
T8.1.2,8.1.2,옹벽·이설,옹벽,역T형 옹벽 H=4.5m,L:연장(m)|C:수축줄눈(개소)|N:신축이음(개소),L,E,m,"옹벽 연장×m당 단위수량(콘크리트·거푸집·비계·스페이서·배수) + 줄눈 개소×개소당 수량, 레미콘·철근 할증"
T8.1.3,8.1.3,옹벽·이설,옹벽,역T형 옹벽 H=5.0m,L:연장(m)|C:수축줄눈(개소)|N:신축이음(개소),L,E,m,"옹벽 연장×m당 단위수량(콘크리트·거푸집·비계·스페이서·배수) + 줄눈 개소×개소당 수량, 레미콘·철근 할증"
T8.1.4,8.1.4,옹벽·이설,옹벽,역T형 옹벽 H=6.0m,L:연장(m)|C:수축줄눈(개소)|N:신축이음(개소),L,E,m,"옹벽 연장×m당 단위수량(콘크리트·거푸집·비계·스페이서·배수) + 줄눈 개소×개소당 수량, 레미콘·철근 할증"
T8.2.1,8.2.1,옹벽·이설,상수관 이설,상수관 직관 HI-VP D50 (편수접합 6.0m),L:연장(m),L,P,m,"이설 연장 → 직관 본수(÷6.0m)·편수접합·이탈방지클램프, 수압시험(300m당 1회, 올림), 경고용 테이프"
T8.2.2,8.2.2,옹벽·이설,상수관 이설,상수관 곡관부 HI-VP D50 (엘보·단관),E:엘보(EA)|S:단관(EA),E+S,F,EA,"곡관부 부속 개수 → 이형관 접합(엘보×2)·부설·절단(부속마다 1), 엘보·단관 자재"
T8.2.3,8.2.3,옹벽·이설,상수관 이설,상수관 곡관부 PE관 D50 (전자융착),E:엘보(EA)|S:단관(EA)|C:엘보부 절단(개소),E+S,F,EA,"PE관 부속 개수 → 전자융착 접합(엘보마다 1)·이형관 부설·절단(단관+엘보부), 엘보·단관 자재"
T8.3.1,8.3.1,옹벽·이설,오수관 이설,오수관 PVC D100 (직관 4.0m),L:관로 연장(m)|P:직관 연장(m)|E:엘보(EA)|S:단관(EA),L,T,m,"관로 연장·직관 연장·부속 → 직관 본수(÷4.0m 올림)·이형관 접합(엘보×2)·절단, 경고용 테이프"
T8.3.2,8.3.2,옹벽·이설,오수관 이설,오수관 직관 HI-VP D65 (편수접합 6.0m),L:연장(m),L,P,m,"압송 오수관 연장 → 직관 본수(÷6.0m)·편수접합·이탈방지클램프, 수압시험(300m당, 올림), 경고용 테이프"
T8.4.1,8.4.1,옹벽·이설,옥외 급수관,옥외 급수관 STS D32 (직관 4.0m),L:연장(m)|M:종점부(개소)=1,L,P,m,"급수관 연장 → 용접접합(연장÷4.0m+종점부)·직관부설 m, STS관 자재"
T8.9.1,8.9.1,옹벽·이설,직접 입력,직접 입력(한 품목),Q:수량,Q,Q,,맞는 틀이 없을 때 - 줄 이름·품명·규격·단위를 고쳐 쓴다
